{
  "editor:set-heading-1": [
    {
      "modifiers": [
        "Mod"
      ],
      "key": "1"
    }
  ],
  "editor:set-heading-2": [
    {
      "modifiers": [
        "Mod"
      ],
      "key": "2"
    }
  ],
  "editor:set-heading-3": [
    {
      "modifiers": [
        "Mod"
      ],
      "key": "3"
    }
  ],
  "editor:set-heading-4": [
    {
      "modifiers": [
        "Mod"
      ],
      "key": "4"
    }
  ],
  "editor:set-heading-5": [
    {
      "modifiers": [
        "Mod"
      ],
      "key": "5"
    }
  ],
  "editor:set-heading-6": [
    {
      "modifiers": [
        "Mod"
      ],
      "key": "6"
    }
  ],
  "workspace:goto-tab-1": [],
  "workspace:goto-tab-2": [],
  "workspace:goto-tab-3": [],
  "workspace:goto-tab-4": [],
  "workspace:goto-tab-5": [],
  "workspace:goto-tab-6": [],
  "editor:toggle-fold": [],
  "editor:toggle-highlight": [
    {
      "modifiers": [
        "Mod",
        "Shift"
      ],
      "key": "H"
    }
  ],
  "editor:fold-more": [
    {
      "modifiers": [
        "Mod"
      ],
      "key": "ArrowUp"
    }
  ],
  "outline:open-for-current": [
    {
      "modifiers": [
        "Mod"
      ],
      "key": "ArrowDown"
    }
  ],
  "obsidian-completr:completr-bypass-tab-key": [],
  "obsidian-completr:completr-bypass-enter-key": [],
  "obsidian-completr:completr-fake-arrow-down": [],
  "obsidian-completr:completr-fake-arrow-up": [],
  "obsidian-completr:completr-fake-enter": [],
  "obsidian-dictionary-plugin:dictionary-open-view": [
    {
      "modifiers": [
        "Mod",
        "Shift"
      ],
      "key": "D"
    }
  ],
  "obsidian-completr:completr-jump-to-next-snippet-placeholder": [],
  "obsidian-completr:completr-insert-selected-suggestion": [
    {
      "modifiers": [
        "Shift"
      ],
      "key": "Enter"
    }
  ],
  "media-extended:open-media-link": [
    {
      "modifiers": [
        "Mod",
        "Shift"
      ],
      "key": "G"
    }
  ],
  "obsidian-pandoc:pandoc-export-pdf": [],
  "obsidian-pandoc:pandoc-export-docx": [],
  "obsidian-pandoc:pandoc-export-latex": [
    {
      "modifiers": [
        "Mod",
        "Shift"
      ],
      "key": "P"
    }
  ],
  "obsidian-emoji-toolbar:emoji-picker:open-picker": [
    {
      "modifiers": [
        "Mod"
      ],
      "key": "E"
    }
  ],
  "markdown:toggle-preview": []
}