{
  "main": {
    "id": "070289b723c8846d",
    "type": "split",
    "children": [
      {
        "id": "b2239a0dcf493368",
        "type": "tabs",
        "children": [
          {
            "id": "39c47fbebc4ded51",
            "type": "leaf",
            "state": {
              "type": "markdown",
              "state": {
                "file": "子目录/papers-reading/黑客与画家/《黑客与画家》.md",
                "mode": "source",
                "backlinks": false,
                "source": false
              }
            }
          },
          {
            "id": "b39118e189db368c",
            "type": "leaf",
            "state": {
              "type": "release-notes",
              "state": {
                "currentVersion": "1.5.12"
              }
            }
          },
          {
            "id": "1bb437d1b4f3199e",
            "type": "leaf",
            "state": {
              "type": "markdown",
              "state": {
                "file": "子目录/代码项目/VBS2024/VBS2024比赛复盘.md",
                "mode": "source",
                "backlinks": false,
                "source": false
              }
            }
          }
        ],
        "currentTab": 1
      }
    ],
    "direction": "vertical"
  },
  "left": {
    "id": "5f8104540e125a72",
    "type": "split",
    "children": [
      {
        "id": "56b4f43d77dc0ff4",
        "type": "tabs",
        "children": [
          {
            "id": "a0d39a692ec16ba5",
            "type": "leaf",
            "state": {
              "type": "file-explorer",
              "state": {
                "sortOrder": "alphabetical"
              }
            }
          },
          {
            "id": "d2aa9abbc5a87e3b",
            "type": "leaf",
            "state": {
              "type": "search",
              "state": {
                "query": "训练时间",
                "matchingCase": false,
                "explainSearch": false,
                "collapseAll": false,
                "extraContext": false,
                "sortOrder": "alphabetical"
              }
            }
          },
          {
            "id": "215f3d1177e33e07",
            "type": "leaf",
            "state": {
              "type": "starred",
              "state": {}
            }
          },
          {
            "id": "cffb692a356c8916",
            "type": "leaf",
            "state": {
              "type": "bookmarks",
              "state": {}
            }
          }
        ]
      }
    ],
    "direction": "horizontal",
    "width": 281.5
  },
  "right": {
    "id": "fe01e055d3f63df2",
    "type": "split",
    "children": [
      {
        "id": "51779d94c66eb14b",
        "type": "tabs",
        "children": [
          {
            "id": "f34c9ad6550b885f",
            "type": "leaf",
            "state": {
              "type": "backlink",
              "state": {
                "file": "子目录/papers-reading/黑客与画家/《黑客与画家》.md",
                "collapseAll": true,
                "extraContext": true,
                "sortOrder": "alphabetical",
                "showSearch": true,
                "searchQuery": "",
                "backlinkCollapsed": false,
                "unlinkedCollapsed": true
              }
            }
          },
          {
            "id": "8b0ac5ebd406bed6",
            "type": "leaf",
            "state": {
              "type": "outgoing-link",
              "state": {
                "file": "子目录/papers-reading/黑客与画家/《黑客与画家》.md",
                "linksCollapsed": false,
                "unlinkedCollapsed": true
              }
            }
          },
          {
            "id": "08d2b27c2ce15321",
            "type": "leaf",
            "state": {
              "type": "tag",
              "state": {
                "sortOrder": "frequency",
                "useHierarchy": true
              }
            }
          },
          {
            "id": "22bb38f62f5ae772",
            "type": "leaf",
            "state": {
              "type": "dictionary-view",
              "state": {}
            }
          },
          {
            "id": "bceda2b36c1c4194",
            "type": "leaf",
            "state": {
              "type": "calendar",
              "state": {}
            }
          },
          {
            "id": "3f2c9b572be91a25",
            "type": "leaf",
            "state": {
              "type": "advanced-tables-toolbar",
              "state": {}
            }
          },
          {
            "id": "3fa0560b40d69540",
            "type": "leaf",
            "state": {
              "type": "outline",
              "state": {
                "file": "子目录/papers-reading/黑客与画家/《黑客与画家》.md"
              }
            }
          }
        ],
        "currentTab": 5
      }
    ],
    "direction": "horizontal",
    "width": 200,
    "collapsed": true
  },
  "left-ribbon": {
    "hiddenItems": {
      "switcher:打开快速切换": false,
      "graph:查看关系图谱": false,
      "canvas:新建白板": false,
      "daily-notes:打开/创建今天的日记": false,
      "templates:插入模板": false,
      "command-palette:打开命令面板": false,
      "workspaces:管理工作区布局": false,
      "table-editor-obsidian:Advanced Tables Toolbar": false,
      "cmdr:Checklist: Show Checklist Pane": false,
      "obsidian-memos:Memos": false
    }
  },
  "active": "b39118e189db368c",
  "lastOpenFiles": [
    "子目录/papers-reading/黑客与画家/《黑客与画家》——黑客与画家.md",
    "子目录/papers-reading/黑客与画家/《黑客与画家》-为什么书呆子不受欢迎.md",
    "子目录/papers-reading/黑客与画家/《黑客与画家》.md",
    "子目录/papers-reading/黑客与画家/黑客伦理.md",
    "子目录/papers-reading/集成学习/⭐⭐⭐⭐Access'22 A Survey of Ensemble Learning.md",
    "子目录/papers-reading/集成学习/进化集成学习算法综述.md",
    "子目录/papers-reading/集成学习/FCS'20 A survey on ensemble learning.md",
    "子目录/papers-reading/集成学习/TPMAI'04 Asymmetric Bagging and Random Subspace for Support Vector Machines-Based Relevance Feedback in Image Retrieval.md",
    "子目录/papers-reading/集成学习/Artif. Intell. Rev.‘23 A Survey on ensemble learning under the era of deep learning.md",
    "子目录/papers-reading/集成学习/Access'17 An_Ensemble_Deep_Learning_Method_for_Vehicle_Type_Classification_on_Visual_Traffic_Surveillance_Sensors.md",
    "子目录/papers-reading/LLM/⭐⭐⭐⭐⭐CLIP：Learning Transferable Visual Models From Natural Language Supervision.md",
    "子目录/papers-reading/LLM/⭐ ⭐ ⭐ ⭐ ⭐ arxiv 2311' LLM_Survey_Chinese.md",
    "子目录/papers-reading/LLM/⭐⭐⭐⭐ECCV'22 SLIP：Self-supervision Meets Language-Image Pre-training.md",
    "子目录/代码项目/AVS/TRECVID AVS 个人感受.md",
    "子目录/papers-reading/LLM/CLIP 串讲.md",
    "子目录/代码项目/IMO-GPT/计划231128.md",
    "子目录/代码项目/IMO-GPT/任务/LLM相关论文.md",
    "子目录/代码项目/IMO-GPT/任务/RTX 4090 部署大模型 20240306.md",
    "Anything/小技巧/加快访问github.md",
    "子目录/代码项目/IMO-GPT/任务/AGIC-Trick.md",
    "Anything/小技巧/conda导出python环境.md",
    "Anything/小技巧",
    "子目录/代码项目/IMO-GPT/调研.md",
    "子目录/代码项目/IMO-GPT/AGI 比赛.md",
    "子目录/代码项目/IMO-GPT/想法.md",
    "子目录/papers-reading/LLM/⭐⭐⭐⭐⭐ICML'22 BLIP Bootstrapping Language-Image Pre-training for Unified Vision-Language Understanding and Generation.md",
    "子目录/代码项目/IMO-GPT/任务/调查开源大模型的数学能力.md",
    "CV-Chinese.pdf",
    "子目录/代码项目/伪查询拓展",
    "CV-English.pdf",
    "子目录/papers-reading/黑客与画家",
    "子目录/代码项目/VBS2024",
    "子目录/papers-reading/其他",
    "子目录/算法知识/算法题",
    "子目录/代码项目/IMO-GPT/任务",
    "子目录/papers-reading/LLM",
    "日记/attachments/Pasted image 20230701013153.png",
    "未命名.canvas",
    "Study/课程/大三下/计算机视觉实验/attachments/Pasted image 20230630193534.png",
    "Study/课程/大三下/计算机视觉实验/attachments/Pasted image 20230630150730.png",
    "Study/课程/大三下/计算机视觉实验/attachments/Pasted image 20230630150717.png",
    "Study/课程/大三下/计算机视觉实验/attachments/Pasted image 20230630150542.png",
    "Study/课程/大三下/计算机视觉实验/attachments/Pasted image 20230630150454.png",
    "Study/课程/大三下/计算机视觉实验/attachments/Pasted image 20230630150416.png",
    "未命名 1.canvas",
    "Study/论文阅读/论文集合/attachments/Pasted image 20230629015450.png",
    "工作/大创/attachments/Pasted image 20230628133843.png",
    "Study/课程/大三下/计算机视觉实验/attachments/Pasted image 20230627111922.png"
  ]
}